"Letzte Änderung: 7.10.2026, 14:49:26",Aktionspackung,,,abgelaufen,,,,,,,,,,
,Aktionssticker / Etikett / Coupon,,,weniger als 7 Tage,,,,,,,,,,
Produktbild,Aktionsbeschreibung,Kontingent,Zeitpunkt,Aktions- ende,Einsende- schluss,Einreichungs- frist (nach Kauf),Art der Teilnahme,Begründung / Feedback,Art des Kaufbeleges,SMS Bestätigung,Aktionsseite / Aktionshinweis,mydealz Link,abwickelnde Agentur & Zahlungsdienstleister,Hinzu- gefügt
,ALPENHAIN Opflanzda vegane Alternative,-,-,09.10.2026,16.10.2026,-,,nein,Foto,nein,https://opflanzda-testen.de/,https://www.mydealz.de/2839287,"caspar company GmbH
Zahlungsdienstleister: Continental Payment GmbH",03.10.2026
,"ZIRKULIN Vital Mikronährstoff Super Greens - nur bei dm, Rossmann, Müller",285 täglich - 4.000 Teilnehmer insgesamt,täglich ab 08:00 Uhr,11.10.2026,11.10.2026,-,,ja,Foto/Scan,nein,https://zirkulin-aktion.de/supergreens.de,https://www.mydealz.de/2846109,SAVI Marketing GmbH,03.10.2026
,"CESAR® Trockenfutter für kleine Hunde Huhn & Lachs 1,4kg oder Trockenfutter für kleine Hunde Rind & Geflügel 1,4kg - bis zu zwei Teilnehmer pro Person (max. 6.79€ Erstattung pro Teilnahme)",1.000 pro Woche - 5.000 Teilnehmer insgesamt,Montags 00:00 Uhr,11.10.2026,11.10.2026,-,,nein,Foto/Scan,nein,https://promomo-cesar.de/,https://www.mydealz.de/2836515,"FUTURE4 GmbH & Co. KG
Zahlungsdienstleister: secupay AG",03.10.2026
,"LANGNESE Solero
bon bon Exotic 12 Stück oder bon bon Strawberry 12 Stück",500 Teilnehmer pro Tag,täglich ab 08:00 Uhr,11.10.2026,11.10.2026,-,,nein,Foto/Scan,nein,https://solero-cashback.de/,https://www.mydealz.de/2839144,"SAFE Promotions GmbH 
Zahlungsdienstleister: secupay AG",03.10.2026
,"Arla® Skyr Drink - max. 1.99€ Erstattung
Natur oder Erdbeere Himbeere oder Pfirsich Maracuja",555 Teilnehmer pro Tag,täglich ab 09:00 Uhr,08.11.2026,08.11.2026,-,,nein,Foto/Scan,nein,https://arla-skyr-promotion.de/,https://www.mydealz.de/2830762,"FUTURE4 GmbH & Co. KG
Zahlungsdienstleister: secupay AG",01.10.2026
,DOPPELHERZ med Wund- und Heilsalbe (EAN 4009932135732)  - maximal 4.99€ Erstattung,715 täglich - 10.000 Teilnehmer insgesamt,täglich ab 08:00 Uhr,18.10.2026,18.10.2026,-,,nein,Foto/Scan,nein,https://doppelherz-med-aktion.de/,https://www.mydealz.de/2848127,SAVI Marketing GmbH,04.10.2026
,LIPTON Sensations Pink Eistee 1L - max. Erstattung 2.99€,1.200 täglich - 100.800 Teilnehmer insgesamt,täglich ab 09:00 Uhr,25.10.2026,08.11.2026,-,,nein,Foto,nein,https://lipton-sensations-gratis.de/,https://www.mydealz.de/2827925,"acardo group AG
Zahlungsdienstleister: Novalnet AG",17.08.2026
,"ENDORI
- veganes Hack 200g
- veganer Best Burger 200g
- vegane Protein Gemüse Sticks 180g
- vegane chicken sticks Paprika 180g
- vegane chicken sticks mit Käse-Alternative 180g
- vegane chicken sticks mit Chili Käse-Alternative 180g",20.000 Teilnehmer insgesamt,-,01.11.2026,01.11.2026,-,,nein,Foto/Scan,nein,https://endori-gratis-testen.de/,https://www.mydealz.de/2822978,"acardo group AG
Zahlungsdienstleister: Novalnet AG",01.10.2026
,"LACTALIS Kraft - maximale Erstattung 2.69€
- Käse Creme 150 g
- Burger Scheiben 175 g
- Toast Scheiben 175 g
- Snack Würfel 130 g",5.000 bis 10.000 pro Woche - 35.000 Teilnehmer insgesamt,Montags ab 08:00,08.11.2026,08.11.2026,-,,nein,Foto/Scan,nein,https://www.kraft-kaese-gratistesten.de/,https://www.mydealz.de/2845209,"FUTURE4 GmbH & Co. KG
Zahlungsdienstleister: secupay AG",03.10.2026
,AIR WICK Starter-Set oder Gerät+Nachfüller,1.000 Teilnehmer pro Tag,täglich ab 09:00 Uhr,08.11.2026,08.11.2026,-,,nein,Foto,nein,https://gratis.testen.airwick.de/,https://www.mydealz.de/2832876,JustSnap GmbH,03.10.2026
,"BiFi Tasty Bites 
- Hungarian Paprika Salami Stick 50g
- Italian Parmesan Thyme Chicken 50g",333 Teilnehmer pro Tag,täglich ab 07:00 Uhr,15.11.2026,15.11.2026,-,,nein,Foto/Scan,nein,https://www.bifi-promotion.de/,https://www.mydealz.de/2847927,"REINBOLDROST GmbH & Co. KG
Zahlungsdienstleister: savi marketing GmbH",03.10.2026
,HERTA frische Pizza - nur bei Globus Markthallen,-,-,29.11.2026,29.11.2026,-,,nein,Foto,nein,https://herta-frische-pizza-testen.de/,https://www.mydealz.de/2834412,"acardo group AG
Zahlungsdienstleister: Novalnet AG",03.10.2026
,VoltaHeat Wärmepflaster oder Wärmegel oder VoltaCool Kühlgel,bis zu 5.000 pro Woche - 20.000 Teilnehmer insgesamt,Montags ab 10:00 Uhr,30.11.2026,30.11.2026,-,,nein,Foto/Scan,nein,https://www.erlebe-haleon.de/deals/voltaren/,https://www.mydealz.de/2833246,"Baudek & Schierhorn Shopper Marketing GmbH
Zahlungsdienstleister: secupay AG",03.10.2026
,"claro - max. Erstattung 4.99 € in Deutschland und 5.99€ in Österreich
Classic Spültabs 35er (EAN: 9005835313364) oder Multi Next Spültabs 20er (EAN: 9005835315016)",bis zu 2.000 pro Woche - 26.285 Teilnehmer insgesamt,Montags ab 09:00 Uhr,30.11.2026,30.11.2026,-,,nein,Foto,nein,https://claro-gratis-testen.at/,https://www.mydealz.de/2833206,"acardo group AG
Zahlungsdienstleister: Novalnet AG",03.10.2026
,"HOCHLAND SimplyV Käsealternative
- V Scheiben Mild
- V Scheiben Kräftig-Nussig
- V Scheiben Pikant-Scharf
- V Scheiben Würzig
- V Scheiben Raclette",333 Teilnehmer pro Tag,täglich ab 07:00 Uhr,30.11.2026,30.11.2026,.,,nein,Foto,nein,https://www.simply-v.de/aktion,https://www.mydealz.de/2842672,"G.V.K.mbH
Zahlungsdienstleister: secupay AG",03.10.2026
,"LEEB MyLove MyLife - maximal jedoch 3 x 2.79 € pro Person
- Kokos Natur 400g
- Kokos Natur 125g
- Hafer Bifidus Natur 400g
- Hafer Bifidus Mango-Maracuja 400g
- Kefirdrink Kokos & Mandel 500ml
- Super Fruits & Fibre Pfirsich-Maracuja-Acerola 200g
- Super Fruits & Fibre Apfel-Himbeere-Goji 200g
- Super Fruits & Fibre Apfel-Kiwi-Matcha 200g",15.000 Teilnahmen insgesamt,-,13.12.2026,13.12.2026,-,,nein,Foto,ja,https://www.mylove-mylife.at/aut/de,https://www.mydealz.de/2839270,SLACE GmbH,03.10.2026
,TENA Einlagen oder Pants,30.000 Teilnehmer insgesamt,-,15.12.2026,15.12.2026,-,,nein,Foto,nein,https://try.tena.com/de/aktionen/gratis-testen/,https://www.mydealz.de/2832877,"CH Couponing House GmbH 
Zahlungsdienstleister: secupay AG",03.10.2026
,SCHWARTAU the jam 220gr Erdbeere oder Himbeere oder Aprikose oder Kirsche,555 Teilnehmer pro Tag,täglich ab 08:00 Uhr,15.12.2026,15.12.2026,-,,nein,Foto/Scan,nein,https://www.schwartau-gratistesten.de/,https://www.mydealz.de/2835317,"G.V.K. mbH
Zahlungsdienstleister: secupay AG",03.10.2026
,yfood Trinkmahlzeit - max. 3.99€ Erstattung,555 täglich - 50.000 Teilnehmer insgesamt,täglich ab 09:00 Uhr,24.12.2026,24.12.2026,-,,nein,Foto,nein,https://yfood-gratis-testen.de/,https://www.mydealz.de/2844862,"acardo group AG
Zahlungsdienstleister: Novalnet AG",03.10.2026
,"TULIP
- Baconscheiben 125gr oder
- Baconstreifen 200gr oder
- Pancetta 2x75gr

ab 12.10.2026",45.000 Teilnehmer insgesamt,,24.12.2026,24.12.2026,-,,nein,Foto/Scan,nein,https://www.danishcrown.com/de-de/unsere-marken/tulip/aktion/,https://www.mydealz.de/2847185,"CH Couponing House GmbH 
Zahlungsdienstleister: secupay AG",03.10.2026
,Milka Pralinen,bis zu 5.000 pro Woche - 40.000 47.500 Teilnehmer insgesamt,Montags ab 07:00 Uhr,27.12.2026,27.12.2026,-,,nein,Foto/Scan,nein,https://gratisschenken.milka.de/,https://www.mydealz.de/2831122,"Baudek & Schierhorn Shopper Marketing GmbH
Zahlungsdienstleister: secupay AG",03.10.2026
,Oral-B Zahnpasta,-,-,31.12.2026,14.01.2026,-,,nein,Foto,nein,https://oralb-testen.de/,https://www.mydealz.de/2843983,JUstSnap GmbH,03.10.2026
,"ZEWA Wisch&Weg Smart, 2 Rollen à 90 Blatt (EAN 7322542604489)",500 bis 5.000 pro Woche - 40.000 Teilnehmer insgesamt,Montags ab 08:00 Uhr,31.12.2026,31.12.2026,-,,nein,Foto,nein,https://www.zewa.net/de/gewinnspiele/zewa-ww-smart-cashback-2026/,https://www.mydealz.de/2840660,"CH Couponing House GmbH 
Zahlungsdienstleister: secupay AG",03.10.2026
,"TREK® Protein Oat Bars Lotus Biscoff oder Cocoa/Cacao, (3x 50gr) - max. 3.99€ Erstattung",278 pro Woche - 5.000 Teilnehmer insgesamt,Dienstags ab 06:00 Uhr,31.12.2026,31.12.2026,-,,nein,Foto/Scan,nein,https://www.trekbars.com/de/geldzurueck,https://www.mydealz.de/2837829,"direct services Gütersloh GmbH
Zahlungsdienstleister: Riverty GmbH",03.10.2026
,Sensodyne Proschmelz Clinical Zahnschmelz Protect,25.000 Teilnehmer insgesamt,-,31.10.2026,31.10.2026,-,,Feedback,Foto,nein,https://www.erlebe-haleon.de/deals/proschmelz-clinical-protect/,https://www.mydealz.de/2819890,"Baudek & Schierhorn Shopper Marketing GmbH
Zahlungsdienstleister: secupay AG",21.09.2026
,Always Ultra Binden Big Packs,-,-,31.10.2026,15.11.2026,-,,nein,Foto,ja,https://www.for-me-online.de/always-cashback,https://www.mydealz.de/2832778,JustSnap GmbH,01.09.2026
,ROYAL CANIN Tiernahrung,-,-,31.12.2026,31.12.2026,-,,Begründung,Foto/Scan,nein,https://www.royalcanin.com/de/about-us/acceptance-guarantee,https://www.mydealz.de/2571752,Kjero GmbH,12.03.2026
,"ROCKSTAR Energy Drink 0,5l Dose
- Original Sugar und/oder Blueberry Açai Sugar
zwei Teilnehmer pro Person möglich
pauschale Erstattung von 1,49€ (exkl. Pfand) pro Dose 
nur mit Aktionscode unter der Lasche oder Foto von geöffneter Dose im Aktionsdesign!",60.000 Teilnehmer insgesamt,-,31.12.2026,31.12.2026,-,,nein,nur Code,nein,https://www.rockstarenergy.de/geschmacksgarantie,https://www.mydealz.de/2805536,"G.V.K. mbH
caspar company GmbH
Zahlungsdienstleister: secupay AG",01.06.2026
,"ROCKSTAR Energy Mocktail 0,33l Dose
- Berry Spritz, Pina Colada, Mojito 
drei Teilnehmer pro Person möglich
pauschale Erstattung von 1,19€ (exkl. Pfand) pro Dose 
nur mit Aktionscode unter der Lasche!",2.500 Teilnehmer pro Woche - 100.000 Teilnehmer insgesamt,-,28.02.2027,28.02.2027,-,nein,nein,nur Code,nein,https://www.rockstarenergy.de/mocktails-aktion,https://www.mydealz.de/2790687,"G.V.K. mbH
caspar company GmbH
Zahlungsdienstleister: secupay AG",05.06.2026
,"PLATINUM Hundefutter
Rückgabe bei Nichtgefallen 
kostenlose Abholung",-,-,Daueraktion,-,max. 100 Tage,,Begründung,Original,nein,https://www.platinum.com/Geld-zurueck-Garantie/,,PLATINUM GmbH & Co. KG,23.04.2015
,"odaban® Spray | Gel | Fußpuder
Rückgabe bei Nichtgefallen 
ohne Versandkosten- Erstattung!",-,-,Daueraktion,-,max. 60 Tage,,Begründung,Original,nein,https://odaban.de/pages/geld-zuruck-garantie,,Guthy-Renker International GmbH,
,"O'Keefe's Pflegeprodukte
Rückgabe bei Nichtgefallen
ohne Versandkosten- Erstattung!",-,-,Daueraktion,-,-,,Begründung,Original,nein,https://www.okeeffesco.de/,,Kaufmann Neuheiten GmbH,
,"RASCALS Babywindeln 
Erstattung oder Austausch bei Unzufriedenheit",-,-,Daueraktion,-,max. 30 Tage,,Begründung,Foto/Scan,nein,https://www.rascalsbaby.com/de-de/money-back-guarantee,https://www.mydealz.de/2572263,Rascals International Limited,22.05.2025
,► Weitere Geld-zurück-Aktionen mit anteiligem Cashback findet ihr im nächsten Tabellenblatt!,,,,,,,,,,,,,
,Alle Angaben ohne Gewähr!,,,,,,,,,,,,,
,Fehler oder weitere Aktion entdeckt?,,,,,,,,,,,,,
,► Sammelthread auf mydealz,,,,,,,,,,,,,
,"► PN an CashBackBär, TheNittyGritty oder mayor",,,,,,,,,,,,,
,► Bereits abgelaufene Aktionen befinden sich in dieser separaten Tabelle achiviert.,,,,,,,,,,,,,